title,description
Status - 2025-07-22,Security scan completed with no issues at 23:25
Status - 2025-07-22,API rate limits within acceptable range at 23:25
Status - 2025-07-22,Security scan completed with no issues at 23:25
Status - 2025-07-23,API rate limits within acceptable range at 23:25
Status - 2025-07-23,Daily backup completed successfully at 23:25
Status - 2025-07-23,Security scan completed with no issues at 23:25
Status - 2025-07-23,Performance monitoring reports normal operations at 23:25
Status - 2025-07-23,API rate limits within acceptable range at 23:25
Status - 2025-07-24,Performance monitoring reports normal operations at 23:25
Status - 2025-07-24,Security scan completed with no issues at 23:25
Status - 2025-07-24,Security scan completed with no issues at 23:25
Status - 2025-07-24,Daily backup completed successfully at 23:25
Status - 2025-07-24,Security scan completed with no issues at 23:25
Status - 2025-07-25,Security scan completed with no issues at 23:25
Status - 2025-07-25,Daily backup completed successfully at 23:25
Status - 2025-07-25,Daily backup completed successfully at 23:25
Status - 2025-07-25,Database maintenance window completed at 23:25
Status - 2025-07-26,Daily backup completed successfully at 23:25
Status - 2025-07-26,Security scan completed with no issues at 23:25
Status - 2025-07-26,User activity peak detected during lunch hours at 23:25
